transaction_id,transaction_date,transaction_amount,province,sector,report_type,ml_pattern,pattern_id,is_suspicious,risk_score
TBML-1-1,2023-10-27,1876755.1151671177,Quebec,Securities,STR,TBML,TBML-1,1,0.8556109365652067
TBML-1-2,2023-10-29,371678.6242797016,Quebec,Securities,STR,TBML,TBML-1,1,0.7956006240391373
TBML-1-3,2023-10-31,2422417.8448384926,Quebec,Securities,STR,TBML,TBML-1,1,0.9497306271158332
TBML-1-4,2023-11-02,486592.23723192257,Quebec,Securities,STR,TBML,TBML-1,1,0.9051134844809221
TBML-2-1,2023-08-05,4924704.044190967,Nova Scotia,Securities,STR,TBML,TBML-2,1,0.894023571554581
TBML-2-2,2023-08-07,619501.6985785052,Nova Scotia,Securities,STR,TBML,TBML-2,1,0.7512394155580702
TBML-2-3,2023-08-09,5612707.843791439,Nova Scotia,Securities,STR,TBML,TBML-2,1,0.8732967509468486
TBML-2-4,2023-08-11,994211.1115170834,Nova Scotia,Securities,STR,TBML,TBML-2,1,0.7917440933491124
TBML-2-5,2023-08-13,2969072.194306013,Nova Scotia,Securities,STR,TBML,TBML-2,1,0.7922839769910337
TBML-3-1,2023-09-14,4933397.01812754,Quebec,Securities,STR,TBML,TBML-3,1,0.8002003077155058
TBML-3-2,2023-09-16,809335.5991857547,Quebec,Securities,STR,TBML,TBML-3,1,0.9437856748465252
TBML-3-3,2023-09-18,4806112.324070309,Quebec,Securities,STR,TBML,TBML-3,1,0.7947024886928
TBML-4-1,2023-03-23,3098423.5474299565,Ontario,Securities,STR,TBML,TBML-4,1,0.7239528949141992
TBML-4-2,2023-03-25,927334.2928942351,Ontario,Securities,STR,TBML,TBML-4,1,0.8470256110794256
TBML-4-3,2023-03-27,4044319.8929677573,Ontario,Securities,STR,TBML,TBML-4,1,0.7816126926043757
TBML-4-4,2023-03-29,1052096.2972638193,Ontario,Securities,STR,TBML,TBML-4,1,0.70052037808748
TBML-4-5,2023-03-31,5582165.807359193,Ontario,Securities,STR,TBML,TBML-4,1,0.7580197720470054
TBML-5-1,2023-02-07,2447329.3449806557,Quebec,Securities,STR,TBML,TBML-5,1,0.8317288614737854
TBML-5-2,2023-02-09,514319.5086747776,Quebec,Securities,STR,TBML,TBML-5,1,0.8987220824503119
TBML-5-3,2023-02-11,1782885.0942660447,Quebec,Securities,STR,TBML,TBML-5,1,0.9455188774918646
TBML-6-1,2023-11-06,5502942.56803054,British Columbia,Securities,STR,TBML,TBML-6,1,0.8084887300623794
TBML-6-2,2023-11-08,1025560.5491627363,British Columbia,Securities,STR,TBML,TBML-6,1,0.9418797969513102
TBML-6-3,2023-11-10,5761709.124600028,British Columbia,Securities,STR,TBML,TBML-6,1,0.812455818929488
TBML-6-4,2023-11-12,1237923.2981186088,British Columbia,Securities,STR,TBML,TBML-6,1,0.7754950567384841
TBML-6-5,2023-11-14,3986757.1747112,British Columbia,Securities,STR,TBML,TBML-6,1,0.7412054707475565
TBML-7-1,2023-10-02,2338237.8239076324,Ontario,Securities,STR,TBML,TBML-7,1,0.8007274040904131
TBML-7-2,2023-10-04,568857.5709415139,Ontario,Securities,STR,TBML,TBML-7,1,0.9468400511338335
TBML-7-3,2023-10-06,3520400.93208886,Ontario,Securities,STR,TBML,TBML-7,1,0.796991583345956
TBML-7-4,2023-10-08,842722.1172176001,Ontario,Securities,STR,TBML,TBML-7,1,0.7856588479070428
TBML-8-1,2023-06-30,2954370.8671886604,Quebec,Securities,STR,TBML,TBML-8,1,0.7665780788994936
TBML-8-2,2023-07-02,804995.858656479,Quebec,Securities,STR,TBML,TBML-8,1,0.9448161495083045
TBML-8-3,2023-07-04,3312769.062607427,Quebec,Securities,STR,TBML,TBML-8,1,0.9344092425791451
TBML-8-4,2023-07-06,1011818.144379073,Quebec,Securities,STR,TBML,TBML-8,1,0.7634406530862486
TBML-9-1,2023-08-18,2099421.7106300285,British Columbia,Securities,STR,TBML,TBML-9,1,0.9484245075317895
TBML-9-2,2023-08-20,767597.0328553444,British Columbia,Securities,STR,TBML,TBML-9,1,0.8094235095561779
TBML-9-3,2023-08-22,3099768.9164865073,British Columbia,Securities,STR,TBML,TBML-9,1,0.7218932043165575
TBML-10-1,2023-07-26,4537519.876600501,Nova Scotia,Securities,STR,TBML,TBML-10,1,0.8378667196843174
TBML-10-2,2023-07-28,931293.2589823961,Nova Scotia,Securities,STR,TBML,TBML-10,1,0.7369193094596439
TBML-10-3,2023-07-30,3909312.580831084,Nova Scotia,Securities,STR,TBML,TBML-10,1,0.7617462294277579
TBML-11-1,2023-06-15,2109204.300600967,Ontario,Securities,STR,TBML,TBML-11,1,0.7547162207738538
TBML-11-2,2023-06-17,353212.6533793697,Ontario,Securities,STR,TBML,TBML-11,1,0.9149855593104714
TBML-11-3,2023-06-19,2754699.4617492897,Ontario,Securities,STR,TBML,TBML-11,1,0.720003651956747
TBML-11-4,2023-06-21,572195.7064724787,Ontario,Securities,STR,TBML,TBML-11,1,0.8133278841068226
TBML-11-5,2023-06-23,1967388.9745680105,Ontario,Securities,STR,TBML,TBML-11,1,0.8723528273869552
TBML-12-1,2023-12-15,1459242.8244873784,British Columbia,Securities,STR,TBML,TBML-12,1,0.7085123453883906
TBML-12-2,2023-12-17,351821.8131711344,British Columbia,Securities,STR,TBML,TBML-12,1,0.8186296333785349
TBML-12-3,2023-12-19,2137684.162905126,British Columbia,Securities,STR,TBML,TBML-12,1,0.7814153313731491
TBML-12-4,2023-12-21,310188.63717040705,British Columbia,Securities,STR,TBML,TBML-12,1,0.7576549423134014
TBML-12-5,2023-12-23,2328996.6908845115,British Columbia,Securities,STR,TBML,TBML-12,1,0.7511801016043421
TBML-13-1,2023-06-03,1685533.4881295979,British Columbia,Securities,STR,TBML,TBML-13,1,0.7873707443060035
TBML-13-2,2023-06-05,599472.1250195135,British Columbia,Securities,STR,TBML,TBML-13,1,0.875686643622269
TBML-13-3,2023-06-07,3089514.5306655057,British Columbia,Securities,STR,TBML,TBML-13,1,0.813410307860927
TBML-13-4,2023-06-09,579617.2167452949,British Columbia,Securities,STR,TBML,TBML-13,1,0.8347977176806329
TBML-14-1,2023-01-07,4638164.59203795,Ontario,Securities,STR,TBML,TBML-14,1,0.7049717544886079
TBML-14-2,2023-01-09,663031.9163715929,Ontario,Securities,STR,TBML,TBML-14,1,0.9084976314423606
TBML-14-3,2023-01-11,5314505.370269483,Ontario,Securities,STR,TBML,TBML-14,1,0.9365039013170905
TBML-15-1,2023-12-14,1807888.9828998412,British Columbia,Securities,STR,TBML,TBML-15,1,0.8112613208287163
TBML-15-2,2023-12-16,820109.3148931208,British Columbia,Securities,STR,TBML,TBML-15,1,0.8675266989305666
TBML-15-3,2023-12-18,3113235.7947092024,British Columbia,Securities,STR,TBML,TBML-15,1,0.7297513476795656
TBML-15-4,2023-12-20,577009.7228153602,British Columbia,Securities,STR,TBML,TBML-15,1,0.7715557752564284
TBML-15-5,2023-12-22,3350845.964612615,British Columbia,Securities,STR,TBML,TBML-15,1,0.7453231180034781
TBML-16-1,2023-01-08,3489528.503165825,Quebec,Securities,STR,TBML,TBML-16,1,0.75786329282991
TBML-16-2,2023-01-10,573193.4363076151,Quebec,Securities,STR,TBML,TBML-16,1,0.8980210741434881
TBML-16-3,2023-01-12,2913409.4259256604,Quebec,Securities,STR,TBML,TBML-16,1,0.8005293464119893
TBML-16-4,2023-01-14,396287.7916102561,Quebec,Securities,STR,TBML,TBML-16,1,0.8883463560039023
TBML-16-5,2023-01-16,3760147.4718117877,Quebec,Securities,STR,TBML,TBML-16,1,0.8550717523721274
TBML-17-1,2023-09-26,5035152.1597803235,Quebec,Securities,STR,TBML,TBML-17,1,0.8044951018940625
TBML-17-2,2023-09-28,1271910.9780630395,Quebec,Securities,STR,TBML,TBML-17,1,0.7671440452003817
TBML-17-3,2023-09-30,3846660.9824675005,Quebec,Securities,STR,TBML,TBML-17,1,0.8874285433216995
TBML-17-4,2023-10-02,733208.1408327236,Quebec,Securities,STR,TBML,TBML-17,1,0.828843617489887
TBML-17-5,2023-10-04,4836032.77651471,Quebec,Securities,STR,TBML,TBML-17,1,0.860991941535587
TBML-18-1,2023-05-12,3175820.4192543463,Ontario,Securities,STR,TBML,TBML-18,1,0.9065117966343115
TBML-18-2,2023-05-14,507690.4554505749,Ontario,Securities,STR,TBML,TBML-18,1,0.8878914967608618
TBML-18-3,2023-05-16,3589821.4726097044,Ontario,Securities,STR,TBML,TBML-18,1,0.8806613598952171
TBML-18-4,2023-05-18,682777.4288806795,Ontario,Securities,STR,TBML,TBML-18,1,0.7988846869344344
TBML-18-5,2023-05-20,2843187.031234584,Ontario,Securities,STR,TBML,TBML-18,1,0.8834521784855601
TBML-19-1,2023-05-28,3962996.8654279113,Ontario,Securities,STR,TBML,TBML-19,1,0.7153771852920704
TBML-19-2,2023-05-30,990714.0672423124,Ontario,Securities,STR,TBML,TBML-19,1,0.724162984895476
TBML-19-3,2023-06-01,3261282.9123611725,Ontario,Securities,STR,TBML,TBML-19,1,0.840052386009449
TBML-20-1,2023-08-05,2770404.648308297,Ontario,Securities,STR,TBML,TBML-20,1,0.7702662872366838
TBML-20-2,2023-08-07,638234.8019384354,Ontario,Securities,STR,TBML,TBML-20,1,0.94094767861602
TBML-20-3,2023-08-09,1634969.775512341,Ontario,Securities,STR,TBML,TBML-20,1,0.9436249708156957
TBML-20-4,2023-08-11,318089.24270814046,Ontario,Securities,STR,TBML,TBML-20,1,0.7546419466531304
TBML-21-1,2023-09-30,2867120.810642384,Quebec,Securities,STR,TBML,TBML-21,1,0.8736062373809121
TBML-21-2,2023-10-02,847355.55783118,Quebec,Securities,STR,TBML,TBML-21,1,0.8958378500310611
TBML-21-3,2023-10-04,2263787.4381872825,Quebec,Securities,STR,TBML,TBML-21,1,0.7757477326660887
TBML-22-1,2023-01-05,1334840.0813366007,Ontario,Securities,STR,TBML,TBML-22,1,0.7769484618457287
TBML-22-2,2023-01-07,206206.23024829113,Ontario,Securities,STR,TBML,TBML-22,1,0.7885421849165981
TBML-22-3,2023-01-09,1144552.6912998694,Ontario,Securities,STR,TBML,TBML-22,1,0.8074278449155973
TBML-22-4,2023-01-11,258832.36357370735,Ontario,Securities,STR,TBML,TBML-22,1,0.905528559923299
TBML-23-1,2023-10-18,2041296.1262176533,Quebec,Securities,STR,TBML,TBML-23,1,0.8957241921680836
TBML-23-2,2023-10-20,595540.5133280762,Quebec,Securities,STR,TBML,TBML-23,1,0.8995713191621226
TBML-23-3,2023-10-22,2891607.990865695,Quebec,Securities,STR,TBML,TBML-23,1,0.898889374598696
TBML-23-4,2023-10-24,456873.68356382375,Quebec,Securities,STR,TBML,TBML-23,1,0.905377129224523
TBML-23-5,2023-10-26,2232859.532740224,Quebec,Securities,STR,TBML,TBML-23,1,0.7694285081296413
TBML-24-1,2023-09-20,3576504.3274235404,Quebec,Securities,STR,TBML,TBML-24,1,0.9291953061952778
TBML-24-2,2023-09-22,745376.7625702737,Quebec,Securities,STR,TBML,TBML-24,1,0.832714943831801
TBML-24-3,2023-09-24,5103293.083238685,Quebec,Securities,STR,TBML,TBML-24,1,0.9345497288564025
TBML-24-4,2023-09-26,1003120.8473458644,Quebec,Securities,STR,TBML,TBML-24,1,0.7811400486187521
TBML-24-5,2023-09-28,3171823.2979558418,Quebec,Securities,STR,TBML,TBML-24,1,0.7200358388333861
TBML-25-1,2023-01-08,1508146.322827911,British Columbia,Securities,STR,TBML,TBML-25,1,0.7773233445043608
TBML-25-2,2023-01-10,312135.74984894384,British Columbia,Securities,STR,TBML,TBML-25,1,0.7590069012982062
TBML-25-3,2023-01-12,1829142.1806935673,British Columbia,Securities,STR,TBML,TBML-25,1,0.9485922440916984
TBML-26-1,2023-07-09,3767572.360690409,Nova Scotia,Securities,STR,TBML,TBML-26,1,0.7223886591859496
TBML-26-2,2023-07-11,755501.2452751457,Nova Scotia,Securities,STR,TBML,TBML-26,1,0.7555232077781406
TBML-26-3,2023-07-13,5023814.63968518,Nova Scotia,Securities,STR,TBML,TBML-26,1,0.7154645454312794
TBML-26-4,2023-07-15,616010.6690526073,Nova Scotia,Securities,STR,TBML,TBML-26,1,0.8734021486209589
TBML-26-5,2023-07-17,4489866.382462261,Nova Scotia,Securities,STR,TBML,TBML-26,1,0.8044418862108008
TBML-27-1,2023-01-28,2766094.0215573637,Nova Scotia,Securities,STR,TBML,TBML-27,1,0.8715562507964983
TBML-27-2,2023-01-30,468176.7187799182,Nova Scotia,Securities,STR,TBML,TBML-27,1,0.9089863843527026
TBML-27-3,2023-02-01,3057482.7759088464,Nova Scotia,Securities,STR,TBML,TBML-27,1,0.7585244797559998
TBML-27-4,2023-02-03,816811.7194657109,Nova Scotia,Securities,STR,TBML,TBML-27,1,0.8661992477576146
TBML-27-5,2023-02-05,2579079.9939600304,Nova Scotia,Securities,STR,TBML,TBML-27,1,0.7393818313883791
TBML-28-1,2023-06-12,1746757.626030733,Ontario,Securities,STR,TBML,TBML-28,1,0.7903610385812505
TBML-28-2,2023-06-14,478181.4713894947,Ontario,Securities,STR,TBML,TBML-28,1,0.9397616679335614
TBML-28-3,2023-06-16,2835134.6668690885,Ontario,Securities,STR,TBML,TBML-28,1,0.8923971302292141
TBML-28-4,2023-06-18,667554.4913132059,Ontario,Securities,STR,TBML,TBML-28,1,0.9495039539561148
TBML-28-5,2023-06-20,2727766.393575284,Ontario,Securities,STR,TBML,TBML-28,1,0.7198758958015344
TBML-29-1,2023-03-09,2951448.8894626526,Nova Scotia,Securities,STR,TBML,TBML-29,1,0.795832193848246
TBML-29-2,2023-03-11,561100.9178128468,Nova Scotia,Securities,STR,TBML,TBML-29,1,0.8311482719896607
TBML-29-3,2023-03-13,4103468.4956222093,Nova Scotia,Securities,STR,TBML,TBML-29,1,0.8837942125401699
TBML-30-1,2023-06-23,4232111.549843729,Quebec,Securities,STR,TBML,TBML-30,1,0.7754104616125093
TBML-30-2,2023-06-25,523729.88501773466,Quebec,Securities,STR,TBML,TBML-30,1,0.7094048693878885
TBML-30-3,2023-06-27,4246582.9108438315,Quebec,Securities,STR,TBML,TBML-30,1,0.7963597292953114
TBML-31-1,2023-09-12,2559955.08945783,Ontario,Securities,STR,TBML,TBML-31,1,0.906842227841547
TBML-31-2,2023-09-14,1006282.743579488,Ontario,Securities,STR,TBML,TBML-31,1,0.8673225595382965
TBML-31-3,2023-09-16,4356598.008372723,Ontario,Securities,STR,TBML,TBML-31,1,0.9448563489579846
TBML-31-4,2023-09-18,779631.5924050406,Ontario,Securities,STR,TBML,TBML-31,1,0.7168058087386494
TBML-31-5,2023-09-20,3616152.989363669,Ontario,Securities,STR,TBML,TBML-31,1,0.711608413847762
TBML-32-1,2023-06-21,1647055.6825228173,Nova Scotia,Securities,STR,TBML,TBML-32,1,0.8719948944113893
TBML-32-2,2023-06-23,393945.11486942566,Nova Scotia,Securities,STR,TBML,TBML-32,1,0.8012710331010408
TBML-32-3,2023-06-25,2297344.1531048235,Nova Scotia,Securities,STR,TBML,TBML-32,1,0.9429496754708013
TBML-33-1,2023-09-16,1855987.5417641362,Quebec,Securities,STR,TBML,TBML-33,1,0.9028484280861027
TBML-33-2,2023-09-18,599809.0480327066,Quebec,Securities,STR,TBML,TBML-33,1,0.7824306147069169
TBML-33-3,2023-09-20,2264837.3387952344,Quebec,Securities,STR,TBML,TBML-33,1,0.7347333073601136
TBML-33-4,2023-09-22,462196.378977675,Quebec,Securities,STR,TBML,TBML-33,1,0.9496982127138845
TBML-33-5,2023-09-24,1647995.7797020872,Quebec,Securities,STR,TBML,TBML-33,1,0.9368906599900146
TBML-34-1,2023-05-23,1400463.697439038,Nova Scotia,Securities,STR,TBML,TBML-34,1,0.7042167954337146
TBML-34-2,2023-05-25,453835.4368832154,Nova Scotia,Securities,STR,TBML,TBML-34,1,0.8610236733590464
TBML-34-3,2023-05-27,1359549.0242415834,Nova Scotia,Securities,STR,TBML,TBML-34,1,0.897786241385518
TBML-34-4,2023-05-29,322887.03840391076,Nova Scotia,Securities,STR,TBML,TBML-34,1,0.7337488923326587
TBML-34-5,2023-05-31,1641711.5893832417,Nova Scotia,Securities,STR,TBML,TBML-34,1,0.722742462106714
TBML-35-1,2023-04-04,2096046.5790987874,British Columbia,Securities,STR,TBML,TBML-35,1,0.7042485623967827
TBML-35-2,2023-04-06,408075.177694458,British Columbia,Securities,STR,TBML,TBML-35,1,0.7989708913972122
TBML-35-3,2023-04-08,1937057.5637988157,British Columbia,Securities,STR,TBML,TBML-35,1,0.8505995795486391
TBML-35-4,2023-04-10,517076.6511317564,British Columbia,Securities,STR,TBML,TBML-35,1,0.7098703236933461
TBML-35-5,2023-04-12,2062608.2962664207,British Columbia,Securities,STR,TBML,TBML-35,1,0.7048691925948034
TBML-36-1,2023-12-02,3676164.051682135,Ontario,Securities,STR,TBML,TBML-36,1,0.7312579039021556
TBML-36-2,2023-12-04,985967.2382573826,Ontario,Securities,STR,TBML,TBML-36,1,0.7939966672676013
TBML-36-3,2023-12-06,4972185.884255906,Ontario,Securities,STR,TBML,TBML-36,1,0.8076963671321917
TBML-37-1,2023-07-13,3570488.3133281185,Quebec,Securities,STR,TBML,TBML-37,1,0.9232346044051399
TBML-37-2,2023-07-15,1113022.3892519705,Quebec,Securities,STR,TBML,TBML-37,1,0.9326891179905379
TBML-37-3,2023-07-17,4693300.027194814,Quebec,Securities,STR,TBML,TBML-37,1,0.8686193457460396
TBML-37-4,2023-07-19,557611.1725090273,Quebec,Securities,STR,TBML,TBML-37,1,0.8186528821687641
TBML-38-1,2023-12-17,3204765.6142409057,Ontario,Securities,STR,TBML,TBML-38,1,0.880621617613448
TBML-38-2,2023-12-19,726624.6726978697,Ontario,Securities,STR,TBML,TBML-38,1,0.701850334874037
TBML-38-3,2023-12-21,4432691.268774509,Ontario,Securities,STR,TBML,TBML-38,1,0.7403038246899232
TBML-38-4,2023-12-23,1350568.365765078,Ontario,Securities,STR,TBML,TBML-38,1,0.750924184277324
TBML-38-5,2023-12-25,3519287.671152145,Ontario,Securities,STR,TBML,TBML-38,1,0.7080417311652095
TBML-39-1,2023-11-17,2159217.478747987,Ontario,Securities,STR,TBML,TBML-39,1,0.8832285747923763
TBML-39-2,2023-11-19,259316.728705492,Ontario,Securities,STR,TBML,TBML-39,1,0.7989394259305791
TBML-39-3,2023-11-21,2384036.021462923,Ontario,Securities,STR,TBML,TBML-39,1,0.8300796520609595
TBML-39-4,2023-11-23,369183.70478169207,Ontario,Securities,STR,TBML,TBML-39,1,0.7634190378987825
TBML-40-1,2023-11-27,3226753.3441064903,British Columbia,Securities,STR,TBML,TBML-40,1,0.7165951518198377
TBML-40-2,2023-11-29,789251.9783350978,British Columbia,Securities,STR,TBML,TBML-40,1,0.913774477655788
TBML-40-3,2023-12-01,2822909.939371423,British Columbia,Securities,STR,TBML,TBML-40,1,0.8439884497007375
TBML-40-4,2023-12-03,1013275.8347258045,British Columbia,Securities,STR,TBML,TBML-40,1,0.8203518033205742
TBML-41-1,2023-06-15,1177824.3872222453,British Columbia,Securities,STR,TBML,TBML-41,1,0.7110945018903185
TBML-41-2,2023-06-17,358734.0696799413,British Columbia,Securities,STR,TBML,TBML-41,1,0.9244988196279216
TBML-41-3,2023-06-19,1488485.2924994146,British Columbia,Securities,STR,TBML,TBML-41,1,0.8641758057332967
TBML-41-4,2023-06-21,296969.9049224803,British Columbia,Securities,STR,TBML,TBML-41,1,0.739009112301277
TBML-42-1,2023-03-10,4905569.203332997,Ontario,Securities,STR,TBML,TBML-42,1,0.8187972900105359
TBML-42-2,2023-03-12,774013.7264328063,Ontario,Securities,STR,TBML,TBML-42,1,0.8267566968611599
TBML-42-3,2023-03-14,4120339.617964394,Ontario,Securities,STR,TBML,TBML-42,1,0.8525688872223344
TBML-42-4,2023-03-16,684750.2921556366,Ontario,Securities,STR,TBML,TBML-42,1,0.8639049701112471
TBML-42-5,2023-03-18,3995608.775454927,Ontario,Securities,STR,TBML,TBML-42,1,0.8550512079852147
TBML-43-1,2023-08-17,2473626.7634351654,Quebec,Securities,STR,TBML,TBML-43,1,0.9044952124822538
TBML-43-2,2023-08-19,542880.4831662421,Quebec,Securities,STR,TBML,TBML-43,1,0.8290684056947728
TBML-43-3,2023-08-21,2208529.3526115566,Quebec,Securities,STR,TBML,TBML-43,1,0.9097287084713246
TBML-43-4,2023-08-23,580155.5943146155,Quebec,Securities,STR,TBML,TBML-43,1,0.8381339845973569
TBML-43-5,2023-08-25,3215918.438310962,Quebec,Securities,STR,TBML,TBML-43,1,0.9301293169618023
TBML-44-1,2023-11-25,2348002.075352411,Quebec,Securities,STR,TBML,TBML-44,1,0.7533786953322796
TBML-44-2,2023-11-27,773247.4611917594,Quebec,Securities,STR,TBML,TBML-44,1,0.9225172395786259
TBML-44-3,2023-11-29,2561187.545586767,Quebec,Securities,STR,TBML,TBML-44,1,0.7336402126682158
TBML-44-4,2023-12-01,355808.88442826003,Quebec,Securities,STR,TBML,TBML-44,1,0.8096167701412047
TBML-45-1,2023-03-05,4023700.6980365072,Ontario,Securities,STR,TBML,TBML-45,1,0.7475122820723391
TBML-45-2,2023-03-07,633638.5713856495,Ontario,Securities,STR,TBML,TBML-45,1,0.9148863471960696
TBML-45-3,2023-03-09,3123916.2853180883,Ontario,Securities,STR,TBML,TBML-45,1,0.714930822242986
TBML-46-1,2023-04-09,4545859.730423689,British Columbia,Securities,STR,TBML,TBML-46,1,0.7297152914772859
TBML-46-2,2023-04-11,976059.1791394128,British Columbia,Securities,STR,TBML,TBML-46,1,0.8637760912395472
TBML-46-3,2023-04-13,2986239.8929315074,British Columbia,Securities,STR,TBML,TBML-46,1,0.9434760963889027
TBML-46-4,2023-04-15,853237.6552673656,British Columbia,Securities,STR,TBML,TBML-46,1,0.9267194938492838
TBML-47-1,2023-09-20,2330701.067585154,Quebec,Securities,STR,TBML,TBML-47,1,0.7193296982144519
TBML-47-2,2023-09-22,567067.9313723502,Quebec,Securities,STR,TBML,TBML-47,1,0.9045961390898628
TBML-47-3,2023-09-24,1793201.3028088496,Quebec,Securities,STR,TBML,TBML-47,1,0.8455269207950555
TBML-47-4,2023-09-26,766755.0859110855,Quebec,Securities,STR,TBML,TBML-47,1,0.7543873575035894
TBML-47-5,2023-09-28,2086283.501836565,Quebec,Securities,STR,TBML,TBML-47,1,0.8930691564254858
TBML-48-1,2023-02-02,2228665.791279549,Quebec,Securities,STR,TBML,TBML-48,1,0.9185252657541414
TBML-48-2,2023-02-04,584042.8478282789,Quebec,Securities,STR,TBML,TBML-48,1,0.8014903640848973
TBML-48-3,2023-02-06,2455750.825795695,Quebec,Securities,STR,TBML,TBML-48,1,0.9384913083313184
TBML-48-4,2023-02-08,368414.4565372624,Quebec,Securities,STR,TBML,TBML-48,1,0.7519288804311728
TBML-49-1,2023-01-09,1370383.5399249585,Ontario,Securities,STR,TBML,TBML-49,1,0.8868312571590489
TBML-49-2,2023-01-11,214317.83171667127,Ontario,Securities,STR,TBML,TBML-49,1,0.7644436732957205
TBML-49-3,2023-01-13,1204739.4580819951,Ontario,Securities,STR,TBML,TBML-49,1,0.9391194553264037
TBML-50-1,2023-01-04,2260826.1446253043,Nova Scotia,Securities,STR,TBML,TBML-50,1,0.7475566741041032
TBML-50-2,2023-01-06,566879.3947182093,Nova Scotia,Securities,STR,TBML,TBML-50,1,0.7705757800028499
TBML-50-3,2023-01-08,1319401.2107796683,Nova Scotia,Securities,STR,TBML,TBML-50,1,0.8727354735042145
CASINO-1-1,2023-07-22,8833.82455351921,Nova Scotia,Casino,LCTR,Casino-Investment,CASINO-1,1,0.7041590592694826
CASINO-1-2,2023-07-23,5786.6464243486225,Nova Scotia,Securities,ETR,Casino-Investment,CASINO-1,1,0.7517366655375458
CASINO-1-3,2023-07-24,5285.833034195528,Nova Scotia,Securities,ETR,Casino-Investment,CASINO-1,1,0.8395314533938191
CASINO-1-4,2023-07-25,7659.991220053561,Nova Scotia,Securities,ETR,Casino-Investment,CASINO-1,1,0.7886175517539146
CASINO-1-5,2023-07-26,5302.83406338727,Nova Scotia,Securities,STR,Casino-Investment,CASINO-1,1,0.7999925443440054
CASINO-1-6,2023-07-27,8190.286981171338,Nova Scotia,Securities,STR,Casino-Investment,CASINO-1,1,0.6675931562026116
CASINO-1-7,2023-07-28,8561.224706540812,Nova Scotia,Securities,ETR,Casino-Investment,CASINO-1,1,0.7179011814543688
CASINO-2-1,2023-07-28,9370.524003870432,New Brunswick,Casino,LCTR,Casino-Investment,CASINO-2,1,0.7299902669750997
CASINO-2-2,2023-07-29,8845.401573224151,New Brunswick,Securities,ETR,Casino-Investment,CASINO-2,1,0.7663031668643757
CASINO-2-3,2023-07-30,9416.738325054215,New Brunswick,Securities,ETR,Casino-Investment,CASINO-2,1,0.6810068722795604
CASINO-2-4,2023-07-31,8059.442181910681,New Brunswick,Securities,ETR,Casino-Investment,CASINO-2,1,0.7789940970121383
CASINO-2-5,2023-08-01,9822.193277423812,New Brunswick,Securities,STR,Casino-Investment,CASINO-2,1,0.7681833848050857
CASINO-3-1,2023-03-18,8814.484620042944,Saskatchewan,Casino,LCTR,Casino-Investment,CASINO-3,1,0.7172895173985983
CASINO-3-2,2023-03-19,5000.986850858121,Saskatchewan,Securities,STR,Casino-Investment,CASINO-3,1,0.805541322030559
CASINO-3-3,2023-03-20,8199.001826438966,Saskatchewan,Securities,ETR,Casino-Investment,CASINO-3,1,0.7256410267383009
CASINO-3-4,2023-03-21,9529.202287102373,Saskatchewan,Securities,ETR,Casino-Investment,CASINO-3,1,0.770682107305205
CASINO-3-5,2023-03-22,9474.320216309468,Saskatchewan,Securities,ETR,Casino-Investment,CASINO-3,1,0.7695246497113959
CASINO-3-6,2023-03-23,6694.0069029334645,Saskatchewan,Securities,ETR,Casino-Investment,CASINO-3,1,0.7871213724828305
CASINO-4-1,2023-07-12,9535.400762636018,Saskatchewan,Casino,LCTR,Casino-Investment,CASINO-4,1,0.7604307639094073
CASINO-4-2,2023-07-13,5008.354654361099,Saskatchewan,Securities,ETR,Casino-Investment,CASINO-4,1,0.7997762559331869
CASINO-4-3,2023-07-14,6220.01800453442,Saskatchewan,Securities,ETR,Casino-Investment,CASINO-4,1,0.8431453246823577
CASINO-4-4,2023-07-15,6460.766211631107,Saskatchewan,Securities,ETR,Casino-Investment,CASINO-4,1,0.692170958095602
CASINO-4-5,2023-07-16,7738.124088334582,Saskatchewan,Securities,STR,Casino-Investment,CASINO-4,1,0.7717380258400709
CASINO-5-1,2023-07-30,9187.200365435796,Saskatchewan,Casino,LCTR,Casino-Investment,CASINO-5,1,0.7693850271459308
CASINO-5-2,2023-07-31,5781.1884137526795,Saskatchewan,Securities,ETR,Casino-Investment,CASINO-5,1,0.7360328905028999
CASINO-5-3,2023-08-01,5091.101087252863,Saskatchewan,Securities,ETR,Casino-Investment,CASINO-5,1,0.8478533490436835
CASINO-5-4,2023-08-02,6713.7239951355195,Saskatchewan,Securities,STR,Casino-Investment,CASINO-5,1,0.6692411483325189
CASINO-6-1,2023-05-11,8091.150193546694,British Columbia,Casino,LCTR,Casino-Investment,CASINO-6,1,0.8433115386855299
CASINO-6-2,2023-05-12,8577.46322377425,British Columbia,Securities,STR,Casino-Investment,CASINO-6,1,0.6681099378967504
CASINO-6-3,2023-05-13,9553.817569989937,British Columbia,Securities,ETR,Casino-Investment,CASINO-6,1,0.8204568136114863
CASINO-6-4,2023-05-14,5061.745395457477,British Columbia,Securities,ETR,Casino-Investment,CASINO-6,1,0.8492094244252931
CASINO-6-5,2023-05-15,7096.406409207456,British Columbia,Securities,STR,Casino-Investment,CASINO-6,1,0.715599669674208
CASINO-6-6,2023-05-16,7574.112748114211,British Columbia,Securities,STR,Casino-Investment,CASINO-6,1,0.771164112040787
CASINO-7-1,2023-05-29,9446.488839359521,New Brunswick,Casino,LCTR,Casino-Investment,CASINO-7,1,0.7164309832905329
CASINO-7-2,2023-05-30,7833.202567815321,New Brunswick,Securities,ETR,Casino-Investment,CASINO-7,1,0.837038206091514
CASINO-7-3,2023-05-31,6650.791308042387,New Brunswick,Securities,STR,Casino-Investment,CASINO-7,1,0.8457175511699564
CASINO-7-4,2023-06-01,8816.234901745476,New Brunswick,Securities,ETR,Casino-Investment,CASINO-7,1,0.7586949840768726
CASINO-7-5,2023-06-02,5425.498460156056,New Brunswick,Securities,STR,Casino-Investment,CASINO-7,1,0.8079272505294806
CASINO-8-1,2023-05-16,9378.822374285224,Alberta,Casino,LCTR,Casino-Investment,CASINO-8,1,0.7382552139743773
CASINO-8-2,2023-05-17,9097.649545919874,Alberta,Securities,STR,Casino-Investment,CASINO-8,1,0.8419325122764894
CASINO-8-3,2023-05-18,6230.085467334414,Alberta,Securities,ETR,Casino-Investment,CASINO-8,1,0.6563015950577199
CASINO-8-4,2023-05-19,7011.038867589992,Alberta,Securities,ETR,Casino-Investment,CASINO-8,1,0.8429027666858876
CASINO-9-1,2023-03-08,8847.166949638202,Prince Edward Island,Casino,LCTR,Casino-Investment,CASINO-9,1,0.6662881734643866
CASINO-9-2,2023-03-09,6851.264592118925,Prince Edward Island,Securities,STR,Casino-Investment,CASINO-9,1,0.6597023740052574
CASINO-9-3,2023-03-10,8413.66786831454,Prince Edward Island,Securities,STR,Casino-Investment,CASINO-9,1,0.7797451806950757
CASINO-9-4,2023-03-11,7791.766332700121,Prince Edward Island,Securities,STR,Casino-Investment,CASINO-9,1,0.7358685474599311
CASINO-9-5,2023-03-12,5447.672512813496,Prince Edward Island,Securities,STR,Casino-Investment,CASINO-9,1,0.7364601539968392
CASINO-9-6,2023-03-13,8260.407262123286,Prince Edward Island,Securities,ETR,Casino-Investment,CASINO-9,1,0.6609346143955109
CASINO-9-7,2023-03-14,9668.458344863438,Prince Edward Island,Securities,STR,Casino-Investment,CASINO-9,1,0.679819578893879
CASINO-10-1,2023-11-02,9530.82592533233,Newfoundland and Labrador,Casino,LCTR,Casino-Investment,CASINO-10,1,0.8417314829032669
CASINO-10-2,2023-11-03,9675.862954154733,Newfoundland and Labrador,Securities,ETR,Casino-Investment,CASINO-10,1,0.795634820379101
CASINO-10-3,2023-11-04,8427.101823003655,Newfoundland and Labrador,Securities,ETR,Casino-Investment,CASINO-10,1,0.6538710351661705
CASINO-10-4,2023-11-05,6743.942742219617,Newfoundland and Labrador,Securities,ETR,Casino-Investment,CASINO-10,1,0.7100518220264356
CASINO-10-5,2023-11-06,5335.967553937878,Newfoundland and Labrador,Securities,STR,Casino-Investment,CASINO-10,1,0.7402659831311905
CASINO-10-6,2023-11-07,5927.885793609388,Newfoundland and Labrador,Securities,ETR,Casino-Investment,CASINO-10,1,0.689290186674524
CASINO-10-7,2023-11-08,8941.757576773089,Newfoundland and Labrador,Securities,ETR,Casino-Investment,CASINO-10,1,0.7129801265729862
CASINO-11-1,2023-09-01,9299.82851434117,Saskatchewan,Casino,LCTR,Casino-Investment,CASINO-11,1,0.707384902751338
CASINO-11-2,2023-09-02,5134.717324975093,Saskatchewan,Securities,ETR,Casino-Investment,CASINO-11,1,0.7299555095347774
CASINO-11-3,2023-09-03,5821.058264193356,Saskatchewan,Securities,ETR,Casino-Investment,CASINO-11,1,0.7282781328764539
CASINO-11-4,2023-09-04,9712.754410111946,Saskatchewan,Securities,STR,Casino-Investment,CASINO-11,1,0.7139496802453128
CASINO-12-1,2023-09-25,8889.770378014779,Prince Edward Island,Casino,LCTR,Casino-Investment,CASINO-12,1,0.7321488935670784
CASINO-12-2,2023-09-26,6141.661057475105,Prince Edward Island,Securities,ETR,Casino-Investment,CASINO-12,1,0.7555792768086785
CASINO-12-3,2023-09-27,7587.3340185780835,Prince Edward Island,Securities,STR,Casino-Investment,CASINO-12,1,0.7217595714314705
CASINO-12-4,2023-09-28,8512.310343589366,Prince Edward Island,Securities,ETR,Casino-Investment,CASINO-12,1,0.8423690809053669
CASINO-12-5,2023-09-29,6887.896137566515,Prince Edward Island,Securities,STR,Casino-Investment,CASINO-12,1,0.8141285094596579
CASINO-12-6,2023-09-30,8124.554994488339,Prince Edward Island,Securities,ETR,Casino-Investment,CASINO-12,1,0.6669299869212821
CASINO-13-1,2023-12-30,8063.60452269863,Ontario,Casino,LCTR,Casino-Investment,CASINO-13,1,0.8330853811351239
CASINO-13-2,2023-12-31,9421.609290613955,Ontario,Securities,ETR,Casino-Investment,CASINO-13,1,0.6558069325351226
CASINO-13-3,2024-01-01,8593.510802387258,Ontario,Securities,STR,Casino-Investment,CASINO-13,1,0.7584931659110694
CASINO-13-4,2024-01-02,6974.087427787821,Ontario,Securities,STR,Casino-Investment,CASINO-13,1,0.6885032833373513
CASINO-13-5,2024-01-03,7153.835127157522,Ontario,Securities,ETR,Casino-Investment,CASINO-13,1,0.6828021055954973
CASINO-14-1,2023-08-02,9530.625426102855,Newfoundland and Labrador,Casino,LCTR,Casino-Investment,CASINO-14,1,0.7473000828205427
CASINO-14-2,2023-08-03,9090.652780241846,Newfoundland and Labrador,Securities,ETR,Casino-Investment,CASINO-14,1,0.6509075426821972
CASINO-14-3,2023-08-04,9408.525134451058,Newfoundland and Labrador,Securities,ETR,Casino-Investment,CASINO-14,1,0.7401109522615542
CASINO-14-4,2023-08-05,7335.70421135875,Newfoundland and Labrador,Securities,ETR,Casino-Investment,CASINO-14,1,0.660614077087849
CASINO-14-5,2023-08-06,8736.503866279063,Newfoundland and Labrador,Securities,ETR,Casino-Investment,CASINO-14,1,0.7319256332479768
CASINO-14-6,2023-08-07,7764.151325779675,Newfoundland and Labrador,Securities,ETR,Casino-Investment,CASINO-14,1,0.8050074853086387
CASINO-15-1,2023-05-22,9382.31584733178,Newfoundland and Labrador,Casino,LCTR,Casino-Investment,CASINO-15,1,0.7602376719082296
CASINO-15-2,2023-05-23,7339.071482107407,Newfoundland and Labrador,Securities,ETR,Casino-Investment,CASINO-15,1,0.8104580615962722
CASINO-15-3,2023-05-24,9766.077071164524,Newfoundland and Labrador,Securities,ETR,Casino-Investment,CASINO-15,1,0.8248879970800765
CASINO-15-4,2023-05-25,5005.348551012489,Newfoundland and Labrador,Securities,ETR,Casino-Investment,CASINO-15,1,0.6929295097540397
CASINO-16-1,2023-10-28,8517.240689836222,Ontario,Casino,LCTR,Casino-Investment,CASINO-16,1,0.8231018877212294
CASINO-16-2,2023-10-29,6388.366935279418,Ontario,Securities,ETR,Casino-Investment,CASINO-16,1,0.7716775155620066
CASINO-16-3,2023-10-30,9262.934867458474,Ontario,Securities,STR,Casino-Investment,CASINO-16,1,0.7027719771113927
CASINO-16-4,2023-10-31,9064.819291728118,Ontario,Securities,STR,Casino-Investment,CASINO-16,1,0.8479656980822032
CASINO-17-1,2023-05-13,9424.864376465828,New Brunswick,Casino,LCTR,Casino-Investment,CASINO-17,1,0.7640359403974457
CASINO-17-2,2023-05-14,7915.477666363365,New Brunswick,Securities,ETR,Casino-Investment,CASINO-17,1,0.650449141695531
CASINO-17-3,2023-05-15,5236.113234926947,New Brunswick,Securities,STR,Casino-Investment,CASINO-17,1,0.6752536455845979
CASINO-17-4,2023-05-16,5217.5095504584115,New Brunswick,Securities,ETR,Casino-Investment,CASINO-17,1,0.7676359879909056
CASINO-17-5,2023-05-17,9647.457157084371,New Brunswick,Securities,ETR,Casino-Investment,CASINO-17,1,0.7052705937800334
CASINO-17-6,2023-05-18,9601.384289362028,New Brunswick,Securities,ETR,Casino-Investment,CASINO-17,1,0.8458108014533585
CASINO-17-7,2023-05-19,5287.3394340496,New Brunswick,Securities,STR,Casino-Investment,CASINO-17,1,0.6590595078346906
CASINO-18-1,2023-12-07,8836.350513172178,Newfoundland and Labrador,Casino,LCTR,Casino-Investment,CASINO-18,1,0.7840345384117869
CASINO-18-2,2023-12-08,7233.024962319905,Newfoundland and Labrador,Securities,STR,Casino-Investment,CASINO-18,1,0.6858604529483289
CASINO-18-3,2023-12-09,8307.52493405355,Newfoundland and Labrador,Securities,ETR,Casino-Investment,CASINO-18,1,0.6845462081895489
CASINO-18-4,2023-12-10,5323.431045477173,Newfoundland and Labrador,Securities,STR,Casino-Investment,CASINO-18,1,0.6814902667292531
CASINO-18-5,2023-12-11,5913.882745650302,Newfoundland and Labrador,Securities,STR,Casino-Investment,CASINO-18,1,0.7934521702953261
CASINO-19-1,2023-10-09,9014.812492964775,Nova Scotia,Casino,LCTR,Casino-Investment,CASINO-19,1,0.8188946535027695
CASINO-19-2,2023-10-10,8573.671664379859,Nova Scotia,Securities,STR,Casino-Investment,CASINO-19,1,0.6923013175954725
CASINO-19-3,2023-10-11,8137.074101398326,Nova Scotia,Securities,ETR,Casino-Investment,CASINO-19,1,0.6637881224558441
CASINO-19-4,2023-10-12,8496.282460252527,Nova Scotia,Securities,ETR,Casino-Investment,CASINO-19,1,0.7659530017801018
CASINO-19-5,2023-10-13,9117.984982378197,Nova Scotia,Securities,ETR,Casino-Investment,CASINO-19,1,0.6589680873679826
CASINO-19-6,2023-10-14,8497.852503180762,Nova Scotia,Securities,STR,Casino-Investment,CASINO-19,1,0.7934342784116536
CASINO-19-7,2023-10-15,7834.391490713599,Nova Scotia,Securities,ETR,Casino-Investment,CASINO-19,1,0.6530751248088994
CASINO-20-1,2023-01-27,8817.664046067812,Quebec,Casino,LCTR,Casino-Investment,CASINO-20,1,0.8071626938378276
CASINO-20-2,2023-01-28,7207.13205561127,Quebec,Securities,ETR,Casino-Investment,CASINO-20,1,0.6555206355146029
CASINO-20-3,2023-01-29,6533.816634483554,Quebec,Securities,STR,Casino-Investment,CASINO-20,1,0.6795227512453473
CASINO-20-4,2023-01-30,6670.308963505467,Quebec,Securities,ETR,Casino-Investment,CASINO-20,1,0.7943510006451983
CASINO-20-5,2023-01-31,9315.346930550759,Quebec,Securities,ETR,Casino-Investment,CASINO-20,1,0.6551744211785262
CASINO-21-1,2023-08-31,9116.404319066824,Newfoundland and Labrador,Casino,LCTR,Casino-Investment,CASINO-21,1,0.7492552684940942
CASINO-21-2,2023-09-01,9487.743627415231,Newfoundland and Labrador,Securities,STR,Casino-Investment,CASINO-21,1,0.6714304925078332
CASINO-21-3,2023-09-02,5678.115303215959,Newfoundland and Labrador,Securities,ETR,Casino-Investment,CASINO-21,1,0.7342469763801189
CASINO-21-4,2023-09-03,7871.726794039515,Newfoundland and Labrador,Securities,STR,Casino-Investment,CASINO-21,1,0.6771535411123485
CASINO-22-1,2023-07-26,9440.979361811418,Prince Edward Island,Casino,LCTR,Casino-Investment,CASINO-22,1,0.7098545785488062
CASINO-22-2,2023-07-27,8951.361764643516,Prince Edward Island,Securities,ETR,Casino-Investment,CASINO-22,1,0.8087854550469907
CASINO-22-3,2023-07-28,6351.811410613351,Prince Edward Island,Securities,ETR,Casino-Investment,CASINO-22,1,0.7628047587204364
CASINO-22-4,2023-07-29,9621.229531828647,Prince Edward Island,Securities,ETR,Casino-Investment,CASINO-22,1,0.837337647856979
CASINO-23-1,2023-12-22,9445.474235343245,Newfoundland and Labrador,Casino,LCTR,Casino-Investment,CASINO-23,1,0.6764634031714202
CASINO-23-2,2023-12-23,7227.006293300728,Newfoundland and Labrador,Securities,ETR,Casino-Investment,CASINO-23,1,0.6884194340186408
CASINO-23-3,2023-12-24,5488.481179212786,Newfoundland and Labrador,Securities,ETR,Casino-Investment,CASINO-23,1,0.6651069841497339
CASINO-23-4,2023-12-25,9458.075646142737,Newfoundland and Labrador,Securities,ETR,Casino-Investment,CASINO-23,1,0.8177132282875763
CASINO-23-5,2023-12-26,9799.37580355701,Newfoundland and Labrador,Securities,ETR,Casino-Investment,CASINO-23,1,0.8303021514268347
CASINO-24-1,2023-02-22,8763.976223880894,Manitoba,Casino,LCTR,Casino-Investment,CASINO-24,1,0.7015323839673371
CASINO-24-2,2023-02-23,5150.187894465439,Manitoba,Securities,ETR,Casino-Investment,CASINO-24,1,0.6778068317636755
CASINO-24-3,2023-02-24,5896.083815778058,Manitoba,Securities,STR,Casino-Investment,CASINO-24,1,0.7378983732956278
CASINO-24-4,2023-02-25,5720.721362124896,Manitoba,Securities,ETR,Casino-Investment,CASINO-24,1,0.7095880917458078
CASINO-25-1,2023-06-19,9401.600430934168,Quebec,Casino,LCTR,Casino-Investment,CASINO-25,1,0.7323699584664646
CASINO-25-2,2023-06-20,8602.289499499102,Quebec,Securities,ETR,Casino-Investment,CASINO-25,1,0.8325257996136572
CASINO-25-3,2023-06-21,7876.923154562664,Quebec,Securities,ETR,Casino-Investment,CASINO-25,1,0.8225841249136469
CASINO-25-4,2023-06-22,5244.35732730254,Quebec,Securities,STR,Casino-Investment,CASINO-25,1,0.7892693628995571
CASINO-25-5,2023-06-23,9608.968716077981,Quebec,Securities,ETR,Casino-Investment,CASINO-25,1,0.7889842729279722
CASINO-25-6,2023-06-24,8966.370007839374,Quebec,Securities,STR,Casino-Investment,CASINO-25,1,0.692066740457853
CASINO-25-7,2023-06-25,6350.388883556934,Quebec,Securities,ETR,Casino-Investment,CASINO-25,1,0.7393501205381539
CASINO-26-1,2023-06-23,9718.10598612315,British Columbia,Casino,LCTR,Casino-Investment,CASINO-26,1,0.7381744742990155
CASINO-26-2,2023-06-24,8546.373297908038,British Columbia,Securities,STR,Casino-Investment,CASINO-26,1,0.751022484213938
CASINO-26-3,2023-06-25,6955.599502916997,British Columbia,Securities,STR,Casino-Investment,CASINO-26,1,0.6961707105870847
CASINO-26-4,2023-06-26,6259.153380823808,British Columbia,Securities,ETR,Casino-Investment,CASINO-26,1,0.8218931555941131
CASINO-26-5,2023-06-27,9600.062494644073,British Columbia,Securities,ETR,Casino-Investment,CASINO-26,1,0.8227740295262491
CASINO-26-6,2023-06-28,6265.194501395989,British Columbia,Securities,STR,Casino-Investment,CASINO-26,1,0.7694815783963165
CASINO-26-7,2023-06-29,5034.723690492174,British Columbia,Securities,ETR,Casino-Investment,CASINO-26,1,0.6794969061609417
CASINO-27-1,2023-01-28,9536.36242480106,Saskatchewan,Casino,LCTR,Casino-Investment,CASINO-27,1,0.7206662872971774
CASINO-27-2,2023-01-29,5348.803678850351,Saskatchewan,Securities,ETR,Casino-Investment,CASINO-27,1,0.7178657500337158
CASINO-27-3,2023-01-30,6220.573594214703,Saskatchewan,Securities,ETR,Casino-Investment,CASINO-27,1,0.843917293781759
CASINO-27-4,2023-01-31,8652.079649386113,Saskatchewan,Securities,ETR,Casino-Investment,CASINO-27,1,0.7701021444848296
CASINO-28-1,2023-09-12,9861.018399750901,Alberta,Casino,LCTR,Casino-Investment,CASINO-28,1,0.7209173384880806
CASINO-28-2,2023-09-13,9843.875084012088,Alberta,Securities,STR,Casino-Investment,CASINO-28,1,0.7779663927610272
CASINO-28-3,2023-09-14,6633.975699449866,Alberta,Securities,STR,Casino-Investment,CASINO-28,1,0.7042474462712272
CASINO-28-4,2023-09-15,8086.235093705445,Alberta,Securities,ETR,Casino-Investment,CASINO-28,1,0.7757165593088347
CASINO-28-5,2023-09-16,9662.880595194452,Alberta,Securities,ETR,Casino-Investment,CASINO-28,1,0.8056358973431554
CASINO-28-6,2023-09-17,6437.775394586448,Alberta,Securities,STR,Casino-Investment,CASINO-28,1,0.7899944739747051
CASINO-28-7,2023-09-18,5905.2149342833445,Alberta,Securities,ETR,Casino-Investment,CASINO-28,1,0.8218337906226307
CASINO-29-1,2023-02-15,9281.417066945638,Nova Scotia,Casino,LCTR,Casino-Investment,CASINO-29,1,0.7015028003601207
CASINO-29-2,2023-02-16,9501.353442949945,Nova Scotia,Securities,ETR,Casino-Investment,CASINO-29,1,0.7210585313611049
CASINO-29-3,2023-02-17,5805.35604094194,Nova Scotia,Securities,ETR,Casino-Investment,CASINO-29,1,0.79602268758034
CASINO-29-4,2023-02-18,8055.8373218778415,Nova Scotia,Securities,STR,Casino-Investment,CASINO-29,1,0.8083521504600768
CASINO-29-5,2023-02-19,7160.923355798256,Nova Scotia,Securities,ETR,Casino-Investment,CASINO-29,1,0.8472844223161781
CASINO-30-1,2023-11-23,8039.190600826152,Prince Edward Island,Casino,LCTR,Casino-Investment,CASINO-30,1,0.6522233564668748
CASINO-30-2,2023-11-24,8774.368335665895,Prince Edward Island,Securities,ETR,Casino-Investment,CASINO-30,1,0.7085959441008866
CASINO-30-3,2023-11-25,7422.543843593886,Prince Edward Island,Securities,ETR,Casino-Investment,CASINO-30,1,0.6884891210722481
CASINO-30-4,2023-11-26,7080.03223518312,Prince Edward Island,Securities,STR,Casino-Investment,CASINO-30,1,0.7459334365720169
CASINO-30-5,2023-11-27,7873.176272177296,Prince Edward Island,Securities,STR,Casino-Investment,CASINO-30,1,0.7117637827177691
CASINO-31-1,2023-12-30,8774.726661753948,Newfoundland and Labrador,Casino,LCTR,Casino-Investment,CASINO-31,1,0.7321428343403615
CASINO-31-2,2023-12-31,9382.404341502686,Newfoundland and Labrador,Securities,ETR,Casino-Investment,CASINO-31,1,0.7562445167763853
CASINO-31-3,2024-01-01,5667.058579242874,Newfoundland and Labrador,Securities,ETR,Casino-Investment,CASINO-31,1,0.8084510976356362
CASINO-31-4,2024-01-02,8145.600138660993,Newfoundland and Labrador,Securities,STR,Casino-Investment,CASINO-31,1,0.7714992595463761
CASINO-31-5,2024-01-03,5930.211641326894,Newfoundland and Labrador,Securities,ETR,Casino-Investment,CASINO-31,1,0.841373763239451
CASINO-31-6,2024-01-04,6412.057072612232,Newfoundland and Labrador,Securities,ETR,Casino-Investment,CASINO-31,1,0.7269659949791105
CASINO-32-1,2023-10-02,8574.494245541127,British Columbia,Casino,LCTR,Casino-Investment,CASINO-32,1,0.6589840110484272
CASINO-32-2,2023-10-03,7727.783848910516,British Columbia,Securities,STR,Casino-Investment,CASINO-32,1,0.7318936896685239
CASINO-32-3,2023-10-04,8024.7397496446265,British Columbia,Securities,STR,Casino-Investment,CASINO-32,1,0.8079389025473975
CASINO-32-4,2023-10-05,5949.994357024814,British Columbia,Securities,STR,Casino-Investment,CASINO-32,1,0.7503786050320304
CASINO-33-1,2023-04-05,9238.346544229393,Prince Edward Island,Casino,LCTR,Casino-Investment,CASINO-33,1,0.6631335132865749
CASINO-33-2,2023-04-06,5491.797342981819,Prince Edward Island,Securities,ETR,Casino-Investment,CASINO-33,1,0.7242350993736125
CASINO-33-3,2023-04-07,7263.672790562372,Prince Edward Island,Securities,ETR,Casino-Investment,CASINO-33,1,0.6567576310869039
CASINO-33-4,2023-04-08,5771.336853686094,Prince Edward Island,Securities,ETR,Casino-Investment,CASINO-33,1,0.7362367197131919
CASINO-33-5,2023-04-09,6039.431743190156,Prince Edward Island,Securities,ETR,Casino-Investment,CASINO-33,1,0.7443134926729452
CASINO-33-6,2023-04-10,6154.253113071587,Prince Edward Island,Securities,ETR,Casino-Investment,CASINO-33,1,0.8166288354773137
CASINO-33-7,2023-04-11,7685.625653497183,Prince Edward Island,Securities,STR,Casino-Investment,CASINO-33,1,0.7529051830438421
CASINO-34-1,2023-04-16,8117.428055194565,Alberta,Casino,LCTR,Casino-Investment,CASINO-34,1,0.8129934676039692
CASINO-34-2,2023-04-17,6685.979443800341,Alberta,Securities,STR,Casino-Investment,CASINO-34,1,0.680882021568453
CASINO-34-3,2023-04-18,5278.981288992836,Alberta,Securities,ETR,Casino-Investment,CASINO-34,1,0.6878258673651414
CASINO-34-4,2023-04-19,9593.256450331519,Alberta,Securities,ETR,Casino-Investment,CASINO-34,1,0.732523935011807
CASINO-35-1,2023-07-16,8176.907633140875,Nova Scotia,Casino,LCTR,Casino-Investment,CASINO-35,1,0.7105789885723575
CASINO-35-2,2023-07-17,7440.2509297887245,Nova Scotia,Securities,ETR,Casino-Investment,CASINO-35,1,0.7433123410286524
CASINO-35-3,2023-07-18,9098.081659350602,Nova Scotia,Securities,STR,Casino-Investment,CASINO-35,1,0.6598521469421464
CASINO-35-4,2023-07-19,5788.42645445761,Nova Scotia,Securities,ETR,Casino-Investment,CASINO-35,1,0.7689731701775203
CASINO-35-5,2023-07-20,6768.874318083089,Nova Scotia,Securities,STR,Casino-Investment,CASINO-35,1,0.7933343736565875
CASINO-35-6,2023-07-21,5492.23451325619,Nova Scotia,Securities,ETR,Casino-Investment,CASINO-35,1,0.6726025250693957
CASINO-36-1,2023-06-03,8590.680930978191,Alberta,Casino,LCTR,Casino-Investment,CASINO-36,1,0.7749940076714688
CASINO-36-2,2023-06-04,9336.097036761523,Alberta,Securities,ETR,Casino-Investment,CASINO-36,1,0.796241116509099
CASINO-36-3,2023-06-05,6326.1752647683015,Alberta,Securities,STR,Casino-Investment,CASINO-36,1,0.7866884054550066
CASINO-36-4,2023-06-06,7562.254269876175,Alberta,Securities,ETR,Casino-Investment,CASINO-36,1,0.8252890491067635
CASINO-37-1,2023-01-14,8301.920326263444,Saskatchewan,Casino,LCTR,Casino-Investment,CASINO-37,1,0.7902371130883803
CASINO-37-2,2023-01-15,8678.221076111382,Saskatchewan,Securities,ETR,Casino-Investment,CASINO-37,1,0.8087244210599155
CASINO-37-3,2023-01-16,7729.806492801597,Saskatchewan,Securities,STR,Casino-Investment,CASINO-37,1,0.672493287192273
CASINO-37-4,2023-01-17,5641.024988699391,Saskatchewan,Securities,STR,Casino-Investment,CASINO-37,1,0.8184722549132704
CASINO-38-1,2023-12-28,9305.128959498104,New Brunswick,Casino,LCTR,Casino-Investment,CASINO-38,1,0.8047088369471628
CASINO-38-2,2023-12-29,8615.353903984556,New Brunswick,Securities,ETR,Casino-Investment,CASINO-38,1,0.8498901045983926
CASINO-38-3,2023-12-30,9158.460027757179,New Brunswick,Securities,ETR,Casino-Investment,CASINO-38,1,0.6890211611345656
CASINO-38-4,2023-12-31,6538.704127858613,New Brunswick,Securities,ETR,Casino-Investment,CASINO-38,1,0.8201598756639228
CASINO-38-5,2024-01-01,8813.975092593219,New Brunswick,Securities,STR,Casino-Investment,CASINO-38,1,0.7043914229820657
CASINO-39-1,2023-09-26,9134.299454891265,Saskatchewan,Casino,LCTR,Casino-Investment,CASINO-39,1,0.8362298439207639
CASINO-39-2,2023-09-27,8096.302509312987,Saskatchewan,Securities,ETR,Casino-Investment,CASINO-39,1,0.7633856023072665
CASINO-39-3,2023-09-28,9064.566042797396,Saskatchewan,Securities,ETR,Casino-Investment,CASINO-39,1,0.8412920114151837
CASINO-39-4,2023-09-29,7283.180469248108,Saskatchewan,Securities,STR,Casino-Investment,CASINO-39,1,0.8261513229486526
CASINO-39-5,2023-09-30,8761.54358643748,Saskatchewan,Securities,ETR,Casino-Investment,CASINO-39,1,0.767389028862864
CASINO-39-6,2023-10-01,9106.344120565596,Saskatchewan,Securities,ETR,Casino-Investment,CASINO-39,1,0.7976379153076982
CASINO-39-7,2023-10-02,8874.229349933139,Saskatchewan,Securities,ETR,Casino-Investment,CASINO-39,1,0.7572495036707337
CASINO-40-1,2023-05-29,8033.088317488329,Ontario,Casino,LCTR,Casino-Investment,CASINO-40,1,0.7265581175835767
CASINO-40-2,2023-05-30,8963.125420063727,Ontario,Securities,ETR,Casino-Investment,CASINO-40,1,0.6519601053867943
CASINO-40-3,2023-05-31,7302.2347191752515,Ontario,Securities,ETR,Casino-Investment,CASINO-40,1,0.7455101310794342
CASINO-40-4,2023-06-01,6982.994335094598,Ontario,Securities,STR,Casino-Investment,CASINO-40,1,0.6582354597926032
CASINO-40-5,2023-06-02,8349.581255281468,Ontario,Securities,STR,Casino-Investment,CASINO-40,1,0.8418477169300951
CASINO-40-6,2023-06-03,5870.41751006705,Ontario,Securities,ETR,Casino-Investment,CASINO-40,1,0.6587179154634424
CASINO-40-7,2023-06-04,7445.999269829934,Ontario,Securities,ETR,Casino-Investment,CASINO-40,1,0.8175793349397427
COMPLEX-1-1,2023-12-10,2415042.9657299942,Saskatchewan,Money Services,STR,Complex-Financing,COMPLEX-1,1,0.8966854256108646
COMPLEX-1-2,2023-12-15,559630.7399949672,Saskatchewan,Money Services,STR,Complex-Financing,COMPLEX-1,1,0.779497087298365
COMPLEX-1-3,2023-12-20,1044323.4189734354,Saskatchewan,Banking,STR,Complex-Financing,COMPLEX-1,1,0.8902717392808643
COMPLEX-1-4,2023-12-25,241316.4279233209,Saskatchewan,Trust and Loan,STR,Complex-Financing,COMPLEX-1,1,0.8190592852803629
COMPLEX-1-5,2023-12-30,326132.214144849,Saskatchewan,Money Services,STR,Complex-Financing,COMPLEX-1,1,0.8850564898716667
COMPLEX-1-6,2024-01-04,302517.2867700503,Saskatchewan,Securities,STR,Complex-Financing,COMPLEX-1,1,0.9110358776185167
COMPLEX-1-7,2024-01-09,498785.15606433485,Saskatchewan,Real Estate,STR,Complex-Financing,COMPLEX-1,1,0.9127759818049967
COMPLEX-1-8,2024-01-14,781020.3423410784,Saskatchewan,Real Estate,STR,Complex-Financing,COMPLEX-1,1,0.7961330663148504
COMPLEX-2-1,2023-02-01,1174898.3394006582,Prince Edward Island,Trust and Loan,STR,Complex-Financing,COMPLEX-2,1,0.845133658600482
COMPLEX-2-2,2023-02-06,1033674.9260194591,Prince Edward Island,Real Estate,STR,Complex-Financing,COMPLEX-2,1,0.9720562772601672
COMPLEX-2-3,2023-02-11,426860.9893684263,Prince Edward Island,Trust and Loan,STR,Complex-Financing,COMPLEX-2,1,0.9134378140086028
COMPLEX-2-4,2023-02-16,606080.0302688889,Prince Edward Island,Banking,STR,Complex-Financing,COMPLEX-2,1,0.8685971940245644
COMPLEX-2-5,2023-02-21,177616.83938254378,Prince Edward Island,Securities,STR,Complex-Financing,COMPLEX-2,1,0.910601923347973
COMPLEX-2-6,2023-02-26,334215.7213329094,Prince Edward Island,Banking,STR,Complex-Financing,COMPLEX-2,1,0.7902899604573479
COMPLEX-2-7,2023-03-03,711261.122144426,Prince Edward Island,Trust and Loan,STR,Complex-Financing,COMPLEX-2,1,0.927173814827516
COMPLEX-3-1,2023-04-05,317157.4550503374,Ontario,Money Services,STR,Complex-Financing,COMPLEX-3,1,0.9389233366259537
COMPLEX-3-2,2023-04-10,603049.4998234065,Ontario,Trust and Loan,STR,Complex-Financing,COMPLEX-3,1,0.7873761858936119
COMPLEX-3-3,2023-04-15,335515.83067954774,Ontario,Trust and Loan,STR,Complex-Financing,COMPLEX-3,1,0.9375635563454165
COMPLEX-3-4,2023-04-20,371983.7115043803,Ontario,Trust and Loan,STR,Complex-Financing,COMPLEX-3,1,0.9129850605333262
COMPLEX-3-5,2023-04-25,270947.150029626,Ontario,Securities,STR,Complex-Financing,COMPLEX-3,1,0.7704206134096508
COMPLEX-3-6,2023-04-30,133859.8537020338,Ontario,Banking,STR,Complex-Financing,COMPLEX-3,1,0.9455265111239601
COMPLEX-3-7,2023-05-05,102923.82198747165,Ontario,Banking,STR,Complex-Financing,COMPLEX-3,1,0.9207776526220819
COMPLEX-3-8,2023-05-10,191350.42811630238,Ontario,Trust and Loan,STR,Complex-Financing,COMPLEX-3,1,0.9292175502616926
COMPLEX-3-9,2023-05-15,132967.01251815946,Ontario,Real Estate,STR,Complex-Financing,COMPLEX-3,1,0.9051196986555583
COMPLEX-3-10,2023-05-20,372879.4035868003,Ontario,Real Estate,STR,Complex-Financing,COMPLEX-3,1,0.9556212453882027
COMPLEX-4-1,2023-08-12,1075691.058955959,Nova Scotia,Real Estate,STR,Complex-Financing,COMPLEX-4,1,0.9463791461456321
COMPLEX-4-2,2023-08-17,1091814.8636431727,Nova Scotia,Trust and Loan,STR,Complex-Financing,COMPLEX-4,1,0.8942073319059235
COMPLEX-4-3,2023-08-22,741099.3623944294,Nova Scotia,Money Services,STR,Complex-Financing,COMPLEX-4,1,0.831332146716574
COMPLEX-4-4,2023-08-27,270995.6098167419,Nova Scotia,Securities,STR,Complex-Financing,COMPLEX-4,1,0.9616413269148856
COMPLEX-4-5,2023-09-01,201632.78126569744,Nova Scotia,Real Estate,STR,Complex-Financing,COMPLEX-4,1,0.8234169052398721
COMPLEX-4-6,2023-09-06,366646.237231362,Nova Scotia,Trust and Loan,STR,Complex-Financing,COMPLEX-4,1,0.9782837560782598
COMPLEX-4-7,2023-09-11,1231992.3467255076,Nova Scotia,Trust and Loan,STR,Complex-Financing,COMPLEX-4,1,0.8310527585862177
COMPLEX-5-1,2023-09-16,2973559.6953579327,Saskatchewan,Banking,STR,Complex-Financing,COMPLEX-5,1,0.7820768705577781
COMPLEX-5-2,2023-09-21,1780737.1700873987,Saskatchewan,Real Estate,STR,Complex-Financing,COMPLEX-5,1,0.8113848716143994
COMPLEX-5-3,2023-09-26,710403.6358967267,Saskatchewan,Banking,STR,Complex-Financing,COMPLEX-5,1,0.8137076498105237
COMPLEX-5-4,2023-10-01,603929.3493240767,Saskatchewan,Real Estate,STR,Complex-Financing,COMPLEX-5,1,0.865860534711492
COMPLEX-5-5,2023-10-06,523420.5157701753,Saskatchewan,Trust and Loan,STR,Complex-Financing,COMPLEX-5,1,0.8344665427974126
COMPLEX-5-6,2023-10-11,793707.580690992,Saskatchewan,Banking,STR,Complex-Financing,COMPLEX-5,1,0.960220008512134
COMPLEX-5-7,2023-10-16,584216.4741243696,Saskatchewan,Money Services,STR,Complex-Financing,COMPLEX-5,1,0.9198176332357859
COMPLEX-5-8,2023-10-21,364435.00277446484,Saskatchewan,Real Estate,STR,Complex-Financing,COMPLEX-5,1,0.9375010264687872
COMPLEX-5-9,2023-10-26,82881.68387916214,Saskatchewan,Securities,STR,Complex-Financing,COMPLEX-5,1,0.8959113696843294
COMPLEX-5-10,2023-10-31,545540.8865398986,Saskatchewan,Real Estate,STR,Complex-Financing,COMPLEX-5,1,0.7527553608231964
COMPLEX-6-1,2023-02-03,1688703.8060882548,Prince Edward Island,Money Services,STR,Complex-Financing,COMPLEX-6,1,0.8809898637255977
COMPLEX-6-2,2023-02-08,1039985.508849473,Prince Edward Island,Trust and Loan,STR,Complex-Financing,COMPLEX-6,1,0.9767578802383967
COMPLEX-6-3,2023-02-13,500779.5418377964,Prince Edward Island,Trust and Loan,STR,Complex-Financing,COMPLEX-6,1,0.8712742877052537
COMPLEX-6-4,2023-02-18,226497.60732143812,Prince Edward Island,Real Estate,STR,Complex-Financing,COMPLEX-6,1,0.7632793443197257
COMPLEX-6-5,2023-02-23,183133.38360068,Prince Edward Island,Securities,STR,Complex-Financing,COMPLEX-6,1,0.9028032683894992
COMPLEX-6-6,2023-02-28,115191.1451003524,Prince Edward Island,Trust and Loan,STR,Complex-Financing,COMPLEX-6,1,0.7513962432471768
COMPLEX-6-7,2023-03-05,567701.3589030284,Prince Edward Island,Securities,STR,Complex-Financing,COMPLEX-6,1,0.8314374918889575
COMPLEX-7-1,2023-06-10,1555894.4181810897,British Columbia,Money Services,STR,Complex-Financing,COMPLEX-7,1,0.8005444835339708
COMPLEX-7-2,2023-06-15,1088318.0745527497,British Columbia,Money Services,STR,Complex-Financing,COMPLEX-7,1,0.9727354184199921
COMPLEX-7-3,2023-06-20,569705.397559507,British Columbia,Securities,STR,Complex-Financing,COMPLEX-7,1,0.8998181293658833
COMPLEX-7-4,2023-06-25,212416.67115958978,British Columbia,Securities,STR,Complex-Financing,COMPLEX-7,1,0.7802255868824903
COMPLEX-7-5,2023-06-30,279828.763599742,British Columbia,Securities,STR,Complex-Financing,COMPLEX-7,1,0.8465190424661536
COMPLEX-7-6,2023-07-05,989979.1722336228,British Columbia,Real Estate,STR,Complex-Financing,COMPLEX-7,1,0.7773868879760304
COMPLEX-8-1,2023-02-27,1110432.3407370946,Nova Scotia,Real Estate,STR,Complex-Financing,COMPLEX-8,1,0.9068620696545922
COMPLEX-8-2,2023-03-04,404387.32738669723,Nova Scotia,Securities,STR,Complex-Financing,COMPLEX-8,1,0.7644744912031594
COMPLEX-8-3,2023-03-09,414269.77537015936,Nova Scotia,Securities,STR,Complex-Financing,COMPLEX-8,1,0.7792659297308976
COMPLEX-8-4,2023-03-14,132535.87295696294,Nova Scotia,Securities,STR,Complex-Financing,COMPLEX-8,1,0.7808010454001776
COMPLEX-8-5,2023-03-19,328545.0289451379,Nova Scotia,Trust and Loan,STR,Complex-Financing,COMPLEX-8,1,0.9522392407155525
COMPLEX-8-6,2023-03-24,629153.8050163751,Nova Scotia,Money Services,STR,Complex-Financing,COMPLEX-8,1,0.8202575140814401
COMPLEX-9-1,2023-10-31,2320021.959999765,Nova Scotia,Securities,STR,Complex-Financing,COMPLEX-9,1,0.8210919624009332
COMPLEX-9-2,2023-11-05,1656372.5216910692,Nova Scotia,Money Services,STR,Complex-Financing,COMPLEX-9,1,0.7733239323289846
COMPLEX-9-3,2023-11-10,1532631.063765718,Nova Scotia,Trust and Loan,STR,Complex-Financing,COMPLEX-9,1,0.9069834583349322
COMPLEX-9-4,2023-11-15,1204385.7870091035,Nova Scotia,Real Estate,STR,Complex-Financing,COMPLEX-9,1,0.9406886277253086
COMPLEX-9-5,2023-11-20,737139.078883493,Nova Scotia,Banking,STR,Complex-Financing,COMPLEX-9,1,0.8523843347215018
COMPLEX-9-6,2023-11-25,1466839.8173288838,Nova Scotia,Banking,STR,Complex-Financing,COMPLEX-9,1,0.7774582058874948
COMPLEX-10-1,2023-11-29,2023496.9333506126,Nova Scotia,Banking,STR,Complex-Financing,COMPLEX-10,1,0.7587861828475113
COMPLEX-10-2,2023-12-04,2927633.749194473,Nova Scotia,Money Services,STR,Complex-Financing,COMPLEX-10,1,0.8359623716016802
COMPLEX-10-3,2023-12-09,1117471.0490630488,Nova Scotia,Trust and Loan,STR,Complex-Financing,COMPLEX-10,1,0.9542856713100045
COMPLEX-10-4,2023-12-14,1283322.435979035,Nova Scotia,Trust and Loan,STR,Complex-Financing,COMPLEX-10,1,0.7510334467706516
COMPLEX-10-5,2023-12-19,2415372.3953149496,Nova Scotia,Money Services,STR,Complex-Financing,COMPLEX-10,1,0.9035314329305245
COMPLEX-11-1,2023-05-02,1938551.7902646612,Nova Scotia,Real Estate,STR,Complex-Financing,COMPLEX-11,1,0.8943968586861012
COMPLEX-11-2,2023-05-07,1516177.1520866305,Nova Scotia,Securities,STR,Complex-Financing,COMPLEX-11,1,0.8839647264725607
COMPLEX-11-3,2023-05-12,1635727.1255321284,Nova Scotia,Money Services,STR,Complex-Financing,COMPLEX-11,1,0.8024753574995882
COMPLEX-11-4,2023-05-17,581152.8975838493,Nova Scotia,Money Services,STR,Complex-Financing,COMPLEX-11,1,0.7794916371251241
COMPLEX-11-5,2023-05-22,407191.66993217106,Nova Scotia,Trust and Loan,STR,Complex-Financing,COMPLEX-11,1,0.7614238023571861
COMPLEX-11-6,2023-05-27,800340.013672105,Nova Scotia,Banking,STR,Complex-Financing,COMPLEX-11,1,0.9540940685886825
COMPLEX-11-7,2023-06-01,203661.99891582003,Nova Scotia,Real Estate,STR,Complex-Financing,COMPLEX-11,1,0.8794910957155604
COMPLEX-11-8,2023-06-06,319938.1584187796,Nova Scotia,Money Services,STR,Complex-Financing,COMPLEX-11,1,0.8821359953253215
COMPLEX-11-9,2023-06-11,956075.5622622563,Nova Scotia,Real Estate,STR,Complex-Financing,COMPLEX-11,1,0.9024783328888105
COMPLEX-12-1,2023-05-22,2741341.922956543,Quebec,Trust and Loan,STR,Complex-Financing,COMPLEX-12,1,0.9370153617482788
COMPLEX-12-2,2023-05-27,1196108.8248430227,Quebec,Banking,STR,Complex-Financing,COMPLEX-12,1,0.8734792414294034
COMPLEX-12-3,2023-06-01,768897.5474324715,Quebec,Money Services,STR,Complex-Financing,COMPLEX-12,1,0.9172022592260392
COMPLEX-12-4,2023-06-06,1472363.2847962794,Quebec,Securities,STR,Complex-Financing,COMPLEX-12,1,0.9689228658023318
COMPLEX-12-5,2023-06-11,2433293.7558175074,Quebec,Banking,STR,Complex-Financing,COMPLEX-12,1,0.7916447223273915
COMPLEX-13-1,2023-08-11,3087217.2924053,Alberta,Money Services,STR,Complex-Financing,COMPLEX-13,1,0.8008802908978149
COMPLEX-13-2,2023-08-16,905749.0234232321,Alberta,Banking,STR,Complex-Financing,COMPLEX-13,1,0.8101137264820097
COMPLEX-13-3,2023-08-21,532735.4129356595,Alberta,Banking,STR,Complex-Financing,COMPLEX-13,1,0.8685797072859439
COMPLEX-13-4,2023-08-26,1139992.7557666905,Alberta,Trust and Loan,STR,Complex-Financing,COMPLEX-13,1,0.8768134161267173
COMPLEX-13-5,2023-08-31,374048.73951737775,Alberta,Banking,STR,Complex-Financing,COMPLEX-13,1,0.9540780824159678
COMPLEX-13-6,2023-09-05,586844.4254214024,Alberta,Trust and Loan,STR,Complex-Financing,COMPLEX-13,1,0.9655548332372903
COMPLEX-13-7,2023-09-10,217421.90999147893,Alberta,Banking,STR,Complex-Financing,COMPLEX-13,1,0.7964502191087087
COMPLEX-13-8,2023-09-15,1465533.245657497,Alberta,Trust and Loan,STR,Complex-Financing,COMPLEX-13,1,0.9099396427125135
COMPLEX-14-1,2023-02-11,1107219.6656361553,Manitoba,Securities,STR,Complex-Financing,COMPLEX-14,1,0.9304259640354408
COMPLEX-14-2,2023-02-16,422186.0962841716,Manitoba,Securities,STR,Complex-Financing,COMPLEX-14,1,0.9329900527084788
COMPLEX-14-3,2023-02-21,723486.8173376601,Manitoba,Banking,STR,Complex-Financing,COMPLEX-14,1,0.7769888224728485
COMPLEX-14-4,2023-02-26,765728.4564851054,Manitoba,Real Estate,STR,Complex-Financing,COMPLEX-14,1,0.889254136211721
COMPLEX-14-5,2023-03-03,314652.4638650778,Manitoba,Banking,STR,Complex-Financing,COMPLEX-14,1,0.7665827859045414
COMPLEX-14-6,2023-03-08,132819.73270019877,Manitoba,Money Services,STR,Complex-Financing,COMPLEX-14,1,0.78475729545565
COMPLEX-14-7,2023-03-13,294921.80944197637,Manitoba,Money Services,STR,Complex-Financing,COMPLEX-14,1,0.8732029748246826
COMPLEX-14-8,2023-03-18,132936.28119120034,Manitoba,Securities,STR,Complex-Financing,COMPLEX-14,1,0.9445999782076444
COMPLEX-14-9,2023-03-23,343894.6515193746,Manitoba,Money Services,STR,Complex-Financing,COMPLEX-14,1,0.9691498224376898
COMPLEX-15-1,2023-10-30,2118963.552790574,Alberta,Trust and Loan,STR,Complex-Financing,COMPLEX-15,1,0.943514993107285
COMPLEX-15-2,2023-11-04,988994.5433567372,Alberta,Banking,STR,Complex-Financing,COMPLEX-15,1,0.8119538988361662
COMPLEX-15-3,2023-11-09,1395947.115148998,Alberta,Real Estate,STR,Complex-Financing,COMPLEX-15,1,0.8393810040053994
COMPLEX-15-4,2023-11-14,1413035.1991807816,Alberta,Real Estate,STR,Complex-Financing,COMPLEX-15,1,0.765248765488595
COMPLEX-15-5,2023-11-19,443094.88934823393,Alberta,Trust and Loan,STR,Complex-Financing,COMPLEX-15,1,0.9462306199181086
COMPLEX-15-6,2023-11-24,1943026.740458238,Alberta,Trust and Loan,STR,Complex-Financing,COMPLEX-15,1,0.7966248171974581
COMPLEX-16-1,2023-04-06,742622.4151814632,Alberta,Securities,STR,Complex-Financing,COMPLEX-16,1,0.9224415490524219
COMPLEX-16-2,2023-04-11,1173144.0263045616,Alberta,Banking,STR,Complex-Financing,COMPLEX-16,1,0.8286077594210015
COMPLEX-16-3,2023-04-16,303227.8344449739,Alberta,Real Estate,STR,Complex-Financing,COMPLEX-16,1,0.7521518726187082
COMPLEX-16-4,2023-04-21,431821.86870485614,Alberta,Securities,STR,Complex-Financing,COMPLEX-16,1,0.8618019197348553
COMPLEX-16-5,2023-04-26,325287.6912444335,Alberta,Securities,STR,Complex-Financing,COMPLEX-16,1,0.7616490641189235
COMPLEX-16-6,2023-05-01,279717.7268758574,Alberta,Trust and Loan,STR,Complex-Financing,COMPLEX-16,1,0.97741328595491
COMPLEX-16-7,2023-05-06,200551.7633030502,Alberta,Trust and Loan,STR,Complex-Financing,COMPLEX-16,1,0.7978595938106909
COMPLEX-16-8,2023-05-11,331976.7187670636,Alberta,Money Services,STR,Complex-Financing,COMPLEX-16,1,0.9263154957280074
COMPLEX-17-1,2023-02-24,1325257.2485551925,Prince Edward Island,Money Services,STR,Complex-Financing,COMPLEX-17,1,0.8884110478136367
COMPLEX-17-2,2023-03-01,823453.5440451318,Prince Edward Island,Securities,STR,Complex-Financing,COMPLEX-17,1,0.9183809852512277
COMPLEX-17-3,2023-03-06,2467931.5211438774,Prince Edward Island,Banking,STR,Complex-Financing,COMPLEX-17,1,0.8629984364700323
COMPLEX-17-4,2023-03-11,561897.5285238138,Prince Edward Island,Securities,STR,Complex-Financing,COMPLEX-17,1,0.8951099730871394
COMPLEX-17-5,2023-03-16,888636.3957836434,Prince Edward Island,Real Estate,STR,Complex-Financing,COMPLEX-17,1,0.9775354481811329
COMPLEX-17-6,2023-03-21,1041854.193416138,Prince Edward Island,Real Estate,STR,Complex-Financing,COMPLEX-17,1,0.923204500646102
COMPLEX-17-7,2023-03-26,175774.04446028307,Prince Edward Island,Securities,STR,Complex-Financing,COMPLEX-17,1,0.7899739132516868
COMPLEX-17-8,2023-03-31,322336.4980658031,Prince Edward Island,Banking,STR,Complex-Financing,COMPLEX-17,1,0.8507327564142054
COMPLEX-17-9,2023-04-05,334033.4084376653,Prince Edward Island,Trust and Loan,STR,Complex-Financing,COMPLEX-17,1,0.9509539175283543
COMPLEX-17-10,2023-04-10,902288.4439930723,Prince Edward Island,Trust and Loan,STR,Complex-Financing,COMPLEX-17,1,0.9509343759220672
COMPLEX-18-1,2023-02-07,1620497.7355088247,Nova Scotia,Money Services,STR,Complex-Financing,COMPLEX-18,1,0.8601911418413226
COMPLEX-18-2,2023-02-12,2793207.788178108,Nova Scotia,Money Services,STR,Complex-Financing,COMPLEX-18,1,0.7582113286371476
COMPLEX-18-3,2023-02-17,1256071.3692018671,Nova Scotia,Securities,STR,Complex-Financing,COMPLEX-18,1,0.8568288502507246
COMPLEX-18-4,2023-02-22,1243542.8604733709,Nova Scotia,Trust and Loan,STR,Complex-Financing,COMPLEX-18,1,0.9550931451605359
COMPLEX-18-5,2023-02-27,425546.25937056297,Nova Scotia,Money Services,STR,Complex-Financing,COMPLEX-18,1,0.8998561382900252
COMPLEX-18-6,2023-03-04,234394.965553695,Nova Scotia,Securities,STR,Complex-Financing,COMPLEX-18,1,0.8718249006098828
COMPLEX-18-7,2023-03-09,468392.1902212377,Nova Scotia,Securities,STR,Complex-Financing,COMPLEX-18,1,0.9684922002608696
COMPLEX-18-8,2023-03-14,854924.9814932549,Nova Scotia,Trust and Loan,STR,Complex-Financing,COMPLEX-18,1,0.9036731026539664
COMPLEX-19-1,2023-06-14,494046.84296409297,Newfoundland and Labrador,Money Services,STR,Complex-Financing,COMPLEX-19,1,0.9638986619565207
COMPLEX-19-2,2023-06-19,521320.8750990884,Newfoundland and Labrador,Trust and Loan,STR,Complex-Financing,COMPLEX-19,1,0.768682584490901
COMPLEX-19-3,2023-06-24,263640.1898979606,Newfoundland and Labrador,Real Estate,STR,Complex-Financing,COMPLEX-19,1,0.906455679438894
COMPLEX-19-4,2023-06-29,188821.89362494397,Newfoundland and Labrador,Real Estate,STR,Complex-Financing,COMPLEX-19,1,0.9601792966229103
COMPLEX-19-5,2023-07-04,252416.44194107945,Newfoundland and Labrador,Securities,STR,Complex-Financing,COMPLEX-19,1,0.9176254257744592
COMPLEX-19-6,2023-07-09,70110.70122016211,Newfoundland and Labrador,Banking,STR,Complex-Financing,COMPLEX-19,1,0.7558085491889659
COMPLEX-19-7,2023-07-14,69012.55710759934,Newfoundland and Labrador,Money Services,STR,Complex-Financing,COMPLEX-19,1,0.8956503545572536
COMPLEX-19-8,2023-07-19,104557.60120764683,Newfoundland and Labrador,Banking,STR,Complex-Financing,COMPLEX-19,1,0.779838073126876
COMPLEX-19-9,2023-07-24,26299.93782531424,Newfoundland and Labrador,Securities,STR,Complex-Financing,COMPLEX-19,1,0.8577965193039497
COMPLEX-19-10,2023-07-29,145528.43539969478,Newfoundland and Labrador,Banking,STR,Complex-Financing,COMPLEX-19,1,0.9332729848774781
COMPLEX-20-1,2023-03-04,2371326.223999966,British Columbia,Trust and Loan,STR,Complex-Financing,COMPLEX-20,1,0.871000892690265
COMPLEX-20-2,2023-03-09,1077359.2679707191,British Columbia,Securities,STR,Complex-Financing,COMPLEX-20,1,0.7783015444282393
COMPLEX-20-3,2023-03-14,624674.1310957125,British Columbia,Securities,STR,Complex-Financing,COMPLEX-20,1,0.9592703010385029
COMPLEX-20-4,2023-03-19,729395.0518538981,British Columbia,Real Estate,STR,Complex-Financing,COMPLEX-20,1,0.8164778347714043
COMPLEX-20-5,2023-03-24,448609.2444221777,British Columbia,Money Services,STR,Complex-Financing,COMPLEX-20,1,0.7978649271693177
COMPLEX-20-6,2023-03-29,178732.24584488643,British Columbia,Securities,STR,Complex-Financing,COMPLEX-20,1,0.8637775842278138
COMPLEX-20-7,2023-04-03,120821.85911911212,British Columbia,Trust and Loan,STR,Complex-Financing,COMPLEX-20,1,0.8150055764649901
COMPLEX-20-8,2023-04-08,378909.99260958866,British Columbia,Trust and Loan,STR,Complex-Financing,COMPLEX-20,1,0.8709900337249198
COMPLEX-21-1,2023-10-18,1418060.1296946297,Prince Edward Island,Trust and Loan,STR,Complex-Financing,COMPLEX-21,1,0.91689316993648
COMPLEX-21-2,2023-10-23,895110.8517561706,Prince Edward Island,Money Services,STR,Complex-Financing,COMPLEX-21,1,0.9035420483705234
COMPLEX-21-3,2023-10-28,447664.63614539715,Prince Edward Island,Money Services,STR,Complex-Financing,COMPLEX-21,1,0.9238265022183372
COMPLEX-21-4,2023-11-02,378700.4119539225,Prince Edward Island,Banking,STR,Complex-Financing,COMPLEX-21,1,0.822778460066867
COMPLEX-21-5,2023-11-07,504259.5971190965,Prince Edward Island,Real Estate,STR,Complex-Financing,COMPLEX-21,1,0.9207009449325294
COMPLEX-21-6,2023-11-12,196076.4731756065,Prince Edward Island,Banking,STR,Complex-Financing,COMPLEX-21,1,0.9743614334705873
COMPLEX-21-7,2023-11-17,206435.35812211724,Prince Edward Island,Money Services,STR,Complex-Financing,COMPLEX-21,1,0.9266715398114203
COMPLEX-21-8,2023-11-22,160030.7205992132,Prince Edward Island,Trust and Loan,STR,Complex-Financing,COMPLEX-21,1,0.8541503950813278
COMPLEX-21-9,2023-11-27,159851.01603459273,Prince Edward Island,Securities,STR,Complex-Financing,COMPLEX-21,1,0.9670350510257244
COMPLEX-21-10,2023-12-02,322219.1754039952,Prince Edward Island,Securities,STR,Complex-Financing,COMPLEX-21,1,0.892874522850734
COMPLEX-22-1,2023-12-09,785781.3863189167,Nova Scotia,Securities,STR,Complex-Financing,COMPLEX-22,1,0.90410025603059
COMPLEX-22-2,2023-12-14,197833.17205725636,Nova Scotia,Trust and Loan,STR,Complex-Financing,COMPLEX-22,1,0.7718715739546278
COMPLEX-22-3,2023-12-19,229929.44845254012,Nova Scotia,Banking,STR,Complex-Financing,COMPLEX-22,1,0.7647218060817417
COMPLEX-22-4,2023-12-24,241869.50271592458,Nova Scotia,Trust and Loan,STR,Complex-Financing,COMPLEX-22,1,0.8023394120710977
COMPLEX-22-5,2023-12-29,286507.4679705935,Nova Scotia,Trust and Loan,STR,Complex-Financing,COMPLEX-22,1,0.9521406033220214
COMPLEX-22-6,2024-01-03,105932.29225943316,Nova Scotia,Real Estate,STR,Complex-Financing,COMPLEX-22,1,0.9634290186420953
COMPLEX-22-7,2024-01-08,140986.3789717906,Nova Scotia,Money Services,STR,Complex-Financing,COMPLEX-22,1,0.8876563726953437
COMPLEX-22-8,2024-01-13,326055.8851905745,Nova Scotia,Real Estate,STR,Complex-Financing,COMPLEX-22,1,0.8373322012080944
COMPLEX-23-1,2023-05-17,1085208.9115929317,British Columbia,Real Estate,STR,Complex-Financing,COMPLEX-23,1,0.8805023638424521
COMPLEX-23-2,2023-05-22,320390.1487455474,British Columbia,Trust and Loan,STR,Complex-Financing,COMPLEX-23,1,0.9575788438567331
COMPLEX-23-3,2023-05-27,700670.5877078456,British Columbia,Securities,STR,Complex-Financing,COMPLEX-23,1,0.8514024536210187
COMPLEX-23-4,2023-06-01,228548.5436944929,British Columbia,Banking,STR,Complex-Financing,COMPLEX-23,1,0.8581275461952879
COMPLEX-23-5,2023-06-06,338557.79880026716,British Columbia,Money Services,STR,Complex-Financing,COMPLEX-23,1,0.8015330325005746
COMPLEX-23-6,2023-06-11,189112.8542100202,British Columbia,Trust and Loan,STR,Complex-Financing,COMPLEX-23,1,0.9022150006569559
COMPLEX-23-7,2023-06-16,133736.0030027502,British Columbia,Trust and Loan,STR,Complex-Financing,COMPLEX-23,1,0.8142340867166532
COMPLEX-23-8,2023-06-21,21259.733199860606,British Columbia,Real Estate,STR,Complex-Financing,COMPLEX-23,1,0.9110147596734361
COMPLEX-23-9,2023-06-26,62142.52038335842,British Columbia,Money Services,STR,Complex-Financing,COMPLEX-23,1,0.7974884908933184
COMPLEX-23-10,2023-07-01,125435.50896046442,British Columbia,Securities,STR,Complex-Financing,COMPLEX-23,1,0.7585941018318806
COMPLEX-24-1,2023-02-02,1977998.32613766,British Columbia,Banking,STR,Complex-Financing,COMPLEX-24,1,0.9378644652875988
COMPLEX-24-2,2023-02-07,516711.4923761597,British Columbia,Money Services,STR,Complex-Financing,COMPLEX-24,1,0.9028024990805682
COMPLEX-24-3,2023-02-12,713405.3757781303,British Columbia,Real Estate,STR,Complex-Financing,COMPLEX-24,1,0.9453565433393452
COMPLEX-24-4,2023-02-17,205928.971660409,British Columbia,Trust and Loan,STR,Complex-Financing,COMPLEX-24,1,0.92052657489849
COMPLEX-24-5,2023-02-22,256930.20192482346,British Columbia,Trust and Loan,STR,Complex-Financing,COMPLEX-24,1,0.792021889315869
COMPLEX-24-6,2023-02-27,425887.96942613367,British Columbia,Trust and Loan,STR,Complex-Financing,COMPLEX-24,1,0.9165877366540056
COMPLEX-24-7,2023-03-04,365672.72726568405,British Columbia,Banking,STR,Complex-Financing,COMPLEX-24,1,0.9123401859148853
COMPLEX-24-8,2023-03-09,259717.07955199905,British Columbia,Securities,STR,Complex-Financing,COMPLEX-24,1,0.9203806794644007
COMPLEX-24-9,2023-03-14,431107.460104785,British Columbia,Securities,STR,Complex-Financing,COMPLEX-24,1,0.7905803180466527
COMPLEX-25-1,2023-12-15,427180.15728828835,Saskatchewan,Real Estate,STR,Complex-Financing,COMPLEX-25,1,0.8202348341718345
COMPLEX-25-2,2023-12-20,254363.66150389082,Saskatchewan,Money Services,STR,Complex-Financing,COMPLEX-25,1,0.7608625871230575
COMPLEX-25-3,2023-12-25,232985.10104370295,Saskatchewan,Banking,STR,Complex-Financing,COMPLEX-25,1,0.7691462997147781
COMPLEX-25-4,2023-12-30,629729.6641869834,Saskatchewan,Securities,STR,Complex-Financing,COMPLEX-25,1,0.8736163451618704
COMPLEX-25-5,2024-01-04,296688.91787439934,Saskatchewan,Money Services,STR,Complex-Financing,COMPLEX-25,1,0.8618728636723356
COMPLEX-25-6,2024-01-09,716689.9597566118,Saskatchewan,Securities,STR,Complex-Financing,COMPLEX-25,1,0.929523899307085
COMPLEX-26-1,2023-04-25,1309098.9474346407,Saskatchewan,Securities,STR,Complex-Financing,COMPLEX-26,1,0.9359622854276259
COMPLEX-26-2,2023-04-30,1294922.369655948,Saskatchewan,Securities,STR,Complex-Financing,COMPLEX-26,1,0.9070097763067422
COMPLEX-26-3,2023-05-05,722983.9154266288,Saskatchewan,Securities,STR,Complex-Financing,COMPLEX-26,1,0.9059099928240144
COMPLEX-26-4,2023-05-10,660554.434059,Saskatchewan,Securities,STR,Complex-Financing,COMPLEX-26,1,0.8291752319053587
COMPLEX-26-5,2023-05-15,1011346.872905661,Saskatchewan,Money Services,STR,Complex-Financing,COMPLEX-26,1,0.9051505597592069
COMPLEX-26-6,2023-05-20,822246.8657027042,Saskatchewan,Securities,STR,Complex-Financing,COMPLEX-26,1,0.7903388959400894
COMPLEX-26-7,2023-05-25,453508.76908454165,Saskatchewan,Trust and Loan,STR,Complex-Financing,COMPLEX-26,1,0.8253942227876852
COMPLEX-26-8,2023-05-30,180242.98793668154,Saskatchewan,Real Estate,STR,Complex-Financing,COMPLEX-26,1,0.9032942504079894
COMPLEX-26-9,2023-06-04,904444.561559252,Saskatchewan,Real Estate,STR,Complex-Financing,COMPLEX-26,1,0.9198603467114206
COMPLEX-27-1,2023-05-15,762913.0911042094,Quebec,Real Estate,STR,Complex-Financing,COMPLEX-27,1,0.9315855005065403
COMPLEX-27-2,2023-05-20,963348.7408458017,Quebec,Real Estate,STR,Complex-Financing,COMPLEX-27,1,0.976726549339707
COMPLEX-27-3,2023-05-25,1132517.8502031304,Quebec,Money Services,STR,Complex-Financing,COMPLEX-27,1,0.9096876839728776
COMPLEX-27-4,2023-05-30,342537.90357734845,Quebec,Trust and Loan,STR,Complex-Financing,COMPLEX-27,1,0.8398184437390868
COMPLEX-27-5,2023-06-04,676197.8681316383,Quebec,Trust and Loan,STR,Complex-Financing,COMPLEX-27,1,0.8791847805329572
COMPLEX-27-6,2023-06-09,1179626.914423428,Quebec,Trust and Loan,STR,Complex-Financing,COMPLEX-27,1,0.8998831790081381
COMPLEX-28-1,2023-08-15,1260523.2763856908,Manitoba,Banking,STR,Complex-Financing,COMPLEX-28,1,0.8844346503263223
COMPLEX-28-2,2023-08-20,360104.75416918437,Manitoba,Trust and Loan,STR,Complex-Financing,COMPLEX-28,1,0.8376529654063047
COMPLEX-28-3,2023-08-25,718245.485888805,Manitoba,Trust and Loan,STR,Complex-Financing,COMPLEX-28,1,0.9687814614971092
COMPLEX-28-4,2023-08-30,629095.3214653261,Manitoba,Real Estate,STR,Complex-Financing,COMPLEX-28,1,0.7892340797187241
COMPLEX-28-5,2023-09-04,357979.70225194044,Manitoba,Money Services,STR,Complex-Financing,COMPLEX-28,1,0.8326158379979378
COMPLEX-28-6,2023-09-09,720842.2501320909,Manitoba,Real Estate,STR,Complex-Financing,COMPLEX-28,1,0.8697546783124509
COMPLEX-29-1,2023-08-08,625643.566532894,British Columbia,Trust and Loan,STR,Complex-Financing,COMPLEX-29,1,0.8391424800921644
COMPLEX-29-2,2023-08-13,697843.0022391586,British Columbia,Money Services,STR,Complex-Financing,COMPLEX-29,1,0.9221909246280856
COMPLEX-29-3,2023-08-18,307719.548012619,British Columbia,Banking,STR,Complex-Financing,COMPLEX-29,1,0.8802839024312386
COMPLEX-29-4,2023-08-23,547835.394071727,British Columbia,Securities,STR,Complex-Financing,COMPLEX-29,1,0.9671539940976303
COMPLEX-29-5,2023-08-28,342993.3049609478,British Columbia,Real Estate,STR,Complex-Financing,COMPLEX-29,1,0.7591830377555646
COMPLEX-29-6,2023-09-02,587492.3795210912,British Columbia,Trust and Loan,STR,Complex-Financing,COMPLEX-29,1,0.8302507248905797
COMPLEX-30-1,2023-02-11,859456.2098908286,Alberta,Real Estate,STR,Complex-Financing,COMPLEX-30,1,0.8516900707221874
COMPLEX-30-2,2023-02-16,2324206.4880394465,Alberta,Trust and Loan,STR,Complex-Financing,COMPLEX-30,1,0.9676161380114567
COMPLEX-30-3,2023-02-21,1792183.3378997375,Alberta,Money Services,STR,Complex-Financing,COMPLEX-30,1,0.8878079208744483
COMPLEX-30-4,2023-02-26,721978.8324863923,Alberta,Banking,STR,Complex-Financing,COMPLEX-30,1,0.836092256405246
COMPLEX-30-5,2023-03-03,479198.8437549912,Alberta,Money Services,STR,Complex-Financing,COMPLEX-30,1,0.803589307252179
COMPLEX-30-6,2023-03-08,617921.5531184815,Alberta,Securities,STR,Complex-Financing,COMPLEX-30,1,0.9784305301688623
COMPLEX-30-7,2023-03-13,382832.4286497179,Alberta,Banking,STR,Complex-Financing,COMPLEX-30,1,0.8432246827656266
COMPLEX-30-8,2023-03-18,210090.8279463289,Alberta,Trust and Loan,STR,Complex-Financing,COMPLEX-30,1,0.7581611831835104
COMPLEX-30-9,2023-03-23,202788.01055574726,Alberta,Securities,STR,Complex-Financing,COMPLEX-30,1,0.914007685937158
COMPLEX-30-10,2023-03-28,375274.2886928961,Alberta,Trust and Loan,STR,Complex-Financing,COMPLEX-30,1,0.9591913037078548
